{
  "checks": [
    {
      "category": "APP & SYSTEM INTEGRITY",
      "label": "AppOps: private-data access",
      "command": "dumpsys appops | grep -E 'READ_EXTERNAL_STORAGE|ACCESS_FINE_LOCATION'",
      "safe_pattern": "mode=ignore",
      "level": "safe",
      "description": "Monitor unexpected accesses to sensitive data"
    },
    {
      "category": "APP & SYSTEM INTEGRITY",
      "label": "Security Tools Detected",
      "command": "pm list packages | grep -E 'org.mobsf|com.offsec.nethunter|de.robv.android.xposed'",
      "safe_pattern": "^$",
      "level": "warning",
      "description": "Pentest frameworks or hacking tools found"
    },
    {
      "category": "APP & SYSTEM INTEGRITY",
      "label": "Custom CAs Installed",
      "command": "ls /data/misc/user/0/cacerts-added/ | wc -l",
      "safe_pattern": "^0$",
      "level": "warning",
      "description": "Custom certs may bypass pinning"
    },
    {
      "category": "APP & SYSTEM INTEGRITY",
      "label": "APK Signature Path Check",
      "command": "pm list packages -f | grep .apk | head -n 1",
      "safe_pattern": "package:",
      "level": "info",
      "description": "Checks for valid APK path info"
    }
  ]
}