{
  "checks": [
    {
      "category": "APPS",
      "label": "Suspicious APK Names",
      "command": "pm list packages | grep -Ei 'hacker|spy|monitor|remote|keylog|shell'",
      "safe_pattern": "^$",
      "level": "critical",
      "description": "Packages with suspicious names"
    },
    {
      "category": "APPS",
      "label": "Debuggable Apps (Strict)",
      "command": "pm list packages -d | grep -v 'com.android'",
      "safe_pattern": "^$",
      "level": "critical",
      "description": "No non-system apps should be debuggable"
    },
    {
      "category": "APPS",
      "label": "APK Signature Verification",
      "command": "dumpsys package verification | grep 'verified=true'",
      "safe_pattern": "verified=true",
      "level": "critical",
      "description": "APK signatures must be verified"
    },
    {
      "category": "APPS",
      "label": "Dynamic Code Loading",
      "command": "pm list packages | grep -E 'dexopt|dynamic'",
      "safe_pattern": "^$",
      "level": "warning",
      "description": "Apps should not use dynamic code loading (security risk)"
    }
  ]
}