{
  "checks": [
    {
      "category": "AUTOMOTIVE",
      "label": "Android Automotive OS Detection",
      "command": "getprop ro.build.characteristics",
      "safe_pattern": "automotive",
      "level": "info",
      "compliance": {
        "iso_21434": ["RQ-05-01"],
        "unece_r155": ["7.2.1"]
      },
      "description": "Confirms device is running Android Automotive OS"
    },
    {
      "category": "AUTOMOTIVE",
      "label": "Vehicle HAL Presence",
      "command": "pm list packages | grep -i 'android.hardware.automotive'",
      "safe_pattern": "vehicle",
      "level": "info",
      "compliance": {
        "iso_21434": ["RQ-08-05"]
      },
      "description": "Vehicle Hardware Abstraction Layer packages"
    },
    {
      "category": "AUTOMOTIVE",
      "label": "CAN Bus Service Status",
      "command": "dumpsys car_service 2>/dev/null | grep -i 'can\\|vehicle' | head -5",
      "safe_pattern": ".*",
      "level": "info",
      "compliance": {
        "iso_21434": ["RQ-08-05"],
        "unece_r155": ["7.2.2.6"]
      },
      "description": "CAN bus gateway service for vehicle network communication"
    },
    {
      "category": "AUTOMOTIVE",
      "label": "OTA Rollback Protection",
      "command": "avbctl get-rollback-index 0 2>/dev/null || echo '0'",
      "safe_pattern": "^[1-9][0-9]*$",
      "level": "critical",
      "compliance": {
        "unece_r156": ["7.1.4"],
        "iso_21434": ["RQ-10-03"]
      },
      "cve_related": ["CVE-2017-13156"],
      "description": "Anti-rollback index must be >0 to prevent firmware downgrade attacks"
    },
    {
      "category": "AUTOMOTIVE",
      "label": "OTA Certificate Presence",
      "command": "ls /system/etc/security/otacerts.zip 2>/dev/null || ls /system/etc/update_engine/ 2>/dev/null",
      "safe_pattern": ".*",
      "level": "info",
      "compliance": {
        "unece_r156": ["7.1.2.2"],
        "iso_21434": ["RQ-10-01"]
      },
      "description": "OTA update verification certificates"
    },
    {
      "category": "AUTOMOTIVE",
      "label": "A/B Partition Scheme",
      "command": "getprop ro.boot.slot_suffix",
      "safe_pattern": "^_[ab]$",
      "level": "warning",
      "compliance": {
        "unece_r156": ["7.1.3"],
        "iso_21434": ["RQ-10-02"]
      },
      "description": "A/B partitions enable seamless, recoverable OTA updates"
    },
    {
      "category": "AUTOMOTIVE",
      "label": "Telematics Network Interfaces",
      "command": "ip addr show | grep -E 'rmnet|wwan|lte' | head -3",
      "safe_pattern": ".*",
      "level": "info",
      "compliance": {
        "iso_21434": ["RQ-08-07"],
        "unece_r155": ["7.2.2.8"]
      },
      "description": "Cellular/telematics network interfaces present"
    },
    {
      "category": "AUTOMOTIVE",
      "label": "Remote Access Ports Closed",
      "command": "netstat -tlnp 2>/dev/null | grep -E ':22|:23|:5555|:5900' | grep -v '127.0.0.1'",
      "safe_pattern": "^$",
      "level": "critical",
      "compliance": {
        "iso_21434": ["RQ-08-08"],
        "unece_r155": ["7.2.2.9"]
      },
      "description": "No remote access ports (SSH, Telnet, ADB, VNC) should be externally exposed"
    },
    {
      "category": "AUTOMOTIVE",
      "label": "Diagnostic Port Protection",
      "command": "getprop ro.car.obd.auth.required 2>/dev/null || echo 'not_set'",
      "safe_pattern": "true|1",
      "level": "warning",
      "compliance": {
        "iso_21434": ["RQ-08-11"],
        "unece_r155": ["7.2.2.11"]
      },
      "description": "OBD-II/diagnostic interface should require authentication"
    },
    {
      "category": "AUTOMOTIVE",
      "label": "Infotainment Sandbox",
      "command": "getenforce",
      "safe_pattern": "^Enforcing$",
      "level": "critical",
      "compliance": {
        "iso_21434": ["RQ-08-12"],
        "unece_r155": ["7.2.2.12"]
      },
      "description": "SELinux must be enforcing to sandbox infotainment from safety systems"
    },
    {
      "category": "AUTOMOTIVE",
      "label": "Bluetooth Pairing Security",
      "command": "dumpsys bluetooth_manager 2>/dev/null | grep -i 'secure.*simple\\|ssp' | head -1",
      "safe_pattern": "enabled|Enabled|SSP",
      "level": "critical",
      "compliance": {
        "iso_21434": ["RQ-08-15"],
        "unece_r155": ["7.2.2.14"]
      },
      "description": "Secure Simple Pairing (SSP) required for Bluetooth"
    },
    {
      "category": "AUTOMOTIVE",
      "label": "Wi-Fi Hotspot Security",
      "command": "dumpsys wifi | grep -i 'softap\\|hotspot\\|security' | head -3",
      "safe_pattern": "WPA2|WPA3",
      "level": "warning",
      "compliance": {
        "iso_21434": ["RQ-08-14"]
      },
      "description": "Passenger Wi-Fi hotspot should use WPA2/WPA3"
    },
    {
      "category": "AUTOMOTIVE",
      "label": "Security Event Logging",
      "command": "logcat -b security -d 2>/dev/null | tail -5 || echo 'not_available'",
      "safe_pattern": ".*",
      "level": "warning",
      "compliance": {
        "iso_21434": ["RQ-11-01"],
        "unece_r155": ["7.2.2.13"]
      },
      "description": "Security audit logging for incident response"
    },
    {
      "category": "AUTOMOTIVE",
      "label": "Vendor Partition Integrity",
      "command": "mount | grep vendor | grep -E 'ro,|verity'",
      "safe_pattern": "ro,|verity",
      "level": "critical",
      "compliance": {
        "iso_21434": ["RQ-07-01"],
        "unece_r156": ["7.1.5"]
      },
      "description": "Vendor partition should be read-only and integrity verified"
    },
    {
      "category": "AUTOMOTIVE",
      "label": "USB Accessory Mode Control",
      "command": "getprop persist.sys.usb.config",
      "safe_pattern": "^$|none|mtp",
      "level": "warning",
      "compliance": {
        "iso_21434": ["RQ-08-16"]
      },
      "description": "USB config should limit accessory mode for security"
    }
  ]
}
