{
  "checks": [
    {
      "category": "BOOT & SECURITY",
      "label": "Verified Boot State",
      "command": "getprop ro.boot.verifiedbootstate",
      "safe_pattern": "^green$",
      "level": "critical",
      "description": "Should be green for locked bootloader"
    },
    {
      "category": "BOOT & SECURITY",
      "label": "Encryption",
      "command": "getprop ro.crypto.state",
      "safe_pattern": "^encrypted$",
      "level": "critical",
      "description": "Storage should be encrypted"
    },
    {
      "category": "BOOT & SECURITY",
      "label": "SELinux",
      "command": "getenforce",
      "safe_pattern": "^Enforcing$",
      "level": "warning",
      "description": "SELinux should be enforcing"
    },
    {
      "category": "BOOT & SECURITY",
      "label": "OEM Unlock Allowed",
      "command": "getprop sys.oem_unlock_allowed",
      "safe_pattern": "^0$",
      "level": "critical",
      "description": "Should be disabled to prevent unlock"
    },
    {
      "category": "BOOT & SECURITY",
      "label": "USB Debugging",
      "command": "settings get global adb_enabled",
      "safe_pattern": "^0$",
      "level": "warning",
      "description": "Disable unless needed"
    },
    {
      "category": "BOOT & SECURITY",
      "label": "Unknown Sources",
      "command": "settings get secure install_non_market_apps",
      "safe_pattern": "^0$",
      "level": "warning",
      "description": "Should be disabled"
    },
    {
      "category": "BOOT & SECURITY",
      "label": "Device Debuggable",
      "command": "getprop ro.debuggable",
      "safe_pattern": "^0$",
      "level": "critical",
      "description": "Production devices must not be debuggable"
    },
    {
      "category": "BOOT & SECURITY",
      "label": "Safe Mode",
      "command": "getprop persist.sys.safemode",
      "safe_pattern": "^0$",
      "level": "info",
      "description": "Should not be running in Safe Mode"
    },
    {
      "category": "BOOT & SECURITY",
      "label": "FRP Policy",
      "command": "settings get global frp_policy",
      "safe_pattern": "^1$",
      "level": "critical",
      "description": "Factory Reset Protection should be enabled"
    },
    {
      "category": "BOOT & SECURITY",
      "label": "ADB Over Wi-Fi",
      "command": "settings get global adb_wifi_enabled",
      "safe_pattern": "^0$",
      "level": "warning",
      "description": "Risky if enabled"
    },
    {
      "category": "BOOT & SECURITY",
      "label": "Bootloader Locked",
      "command": "getprop ro.boot.flash.locked",
      "safe_pattern": "^1$",
      "level": "critical",
      "description": "1 means locked bootloader; 0 means unlocked"
    },
    {
      "category": "BOOT & SECURITY",
      "label": "AVB Version",
      "command": "getprop ro.boot.avb_version",
      "safe_pattern": ".*",
      "level": "info",
      "description": "Android Verified Boot version info"
    }
  ]
}