{
  "checks": [
    {
      "category": "BOOTLOADER & POLICY",
      "label": "Bootloader Locked",
      "command": "getprop ro.boot.flash.locked",
      "safe_pattern": "^(1|true)$",
      "level": "critical",
      "description": "Bootloader must be locked"
    },
    {
      "category": "BOOTLOADER & POLICY",
      "label": "OEM Unlock Disabled (Global Setting)",
      "command": "settings get global oem_unlock_allowed 2>/dev/null",
      "safe_pattern": "^0$",
      "level": "high",
      "description": "OEM unlock should be disallowed by policy (0)"
    },
    {
      "category": "BOOTLOADER & POLICY",
      "label": "FRP Partition Path Set",
      "command": "getprop ro.frp.pst",
      "safe_pattern": "^/.+",
      "level": "info",
      "description": "Factory Reset Protection partition path configured"
    }
  ]
}