{
  "checks": [
    {
      "category": "CHECKS CIS",
      "label": "USB File Transfer Disabled",
      "command": "settings get global usb_mass_storage_enabled 2>/dev/null",
      "safe_pattern": "^0$",
      "level": "warning",
      "description": "Should be disabled to block unauthorized USB file access"
    },
    {
      "category": "CHECKS CIS",
      "label": "Development Settings Disabled",
      "command": "settings get global development_settings_enabled 2>/dev/null",
      "safe_pattern": "^0$",
      "level": "warning",
      "description": "Developer mode should be disabled for production devices"
    },
    {
      "category": "CHECKS CIS",
      "label": "Wi-Fi Direct Disabled (WFD)",
      "command": "pm list packages 2>/dev/null | grep -i wfd",
      "safe_pattern": "^$",
      "level": "warning",
      "description": "Wi-Fi Direct (WFD) package should be removed if unused"
    },
    {
      "category": "CHECKS CIS",
      "label": "Auto System Update Enabled",
      "command": "settings get global auto_update_system 2>/dev/null",
      "safe_pattern": "^1$",
      "level": "info",
      "description": "Auto updates improve patch consistency"
    },
    {
      "category": "CHECKS CIS",
      "label": "Credential Storage Cleared",
      "command": "ls /data/misc/keystore/user_0 2>&1",
      "safe_pattern": "No such file or directory",
      "level": "info",
      "description": "No residual user credential files"
    }
  ]
}