{
  "checks": [
    {
      "category": "FILESYSTEM",
      "label": "Mount Points (rw/ro)",
      "command": "mount | grep -E ' rw| ro'",
      "safe_pattern": ".*",
      "level": "info",
      "description": "Review mounted partitions and access permissions"
    },
    {
      "category": "FILESYSTEM",
      "label": "tmpfs Usage",
      "command": "mount | grep tmpfs",
      "safe_pattern": ".*",
      "level": "info",
      "description": "Shows use of temporary memory file system"
    },
    {
      "category": "FILESYSTEM",
      "label": "World-Readable Files",
      "command": "find /data -type f -perm -o+r -exec ls -l {} \\; 2>/dev/null | wc -l",
      "safe_pattern": "^0$",
      "level": "critical",
      "description": "No sensitive files should be world-readable"
    },
    {
      "category": "FILESYSTEM",
      "label": "SQLite DB Permissions",
      "command": "find /data/data -name '*.db' -exec ls -l {} \\; 2>/dev/null | grep -v 'rw-------'",
      "safe_pattern": "^$",
      "level": "warning",
      "description": "SQLite databases should not be world-readable/writable"
    }
  ]
}