{
  "checks": [
    {
      "category": "INTEGRITY",
      "label": "Test-keys Build",
      "command": "getprop ro.build.fingerprint",
      "safe_pattern": "release-keys",
      "level": "critical",
      "description": "Test-keys in fingerprint indicates insecure engineering/debug build"
    },
    {
      "category": "INTEGRITY",
      "label": "Boot Image Tampered",
      "command": "ls -l /init /init.rc",
      "safe_pattern": ".*",
      "level": "info",
      "description": "Check for unusual file sizes or dates"
    },
    {
      "category": "INTEGRITY",
      "label": "System Partition Tampering",
      "command": "lsattr /system/bin/app_process* 2>/dev/null",
      "safe_pattern": ".*",
      "level": "info",
      "description": "Detects immutability or possible tampering"
    }
  ]
}