{
  "checks": [
    {
      "category": "KERNEL",
      "label": "Kernel Hardening (PAN/UAO)",
      "command": "zcat /proc/config.gz | grep -E 'CONFIG_ARM64_PAN=|CONFIG_ARM64_UAO='",
      "safe_pattern": "CONFIG_ARM64_PAN=y.*CONFIG_ARM64_UAO=y",
      "level": "critical",
      "description": "Privileged Access Never (PAN) and User Access Override (UAO) should be enabled for memory protection"
    },
    {
      "category": "KERNEL",
      "label": "Kernel Pointer Leaking",
      "command": "cat /proc/sys/kernel/kptr_restrict",
      "safe_pattern": "^2$",
      "level": "high",
      "description": "Kernel pointers should not be exposed (2 = full restriction)"
    }
  ]
}