{
  "checks": [
    {
      "category": "LOGS",
      "label": "Recent Kernel Crashes",
      "command": "dmesg | grep -iE 'fatal|panic|oops|BUG:' | tail -n 5",
      "safe_pattern": "^$",
      "level": "info",
      "description": "Recent kernel panics or fatal errors"
    },
    {
      "category": "LOGS",
      "label": "Application Crash Log",
      "command": "logcat -d -b crash | head -n 10",
      "safe_pattern": "^$",
      "level": "info",
      "description": "Recent app crash logs (look for repeated exceptions)"
    },
    {
      "category": "LOGS",
      "label": "SELinux AVC Denials",
      "command": "dmesg | grep 'avc:  denied'",
      "safe_pattern": "^$",
      "level": "warning",
      "description": "Check for any denied SELinux actions"
    }
  ]
}