{
  "checks": [
    {
      "category": "MEMORY",
      "label": "Stack Canaries",
      "command": "zcat /proc/config.gz | grep CONFIG_CC_STACKPROTECTOR_STRONG",
      "safe_pattern": "CONFIG_CC_STACKPROTECTOR_STRONG=y",
      "level": "critical",
      "description": "Stack canaries should be enabled to prevent buffer overflows"
    },
    {
      "category": "MEMORY",
      "label": "ROP Mitigation (PAC)",
      "command": "zcat /proc/config.gz | grep CONFIG_ARM64_PTR_AUTH",
      "safe_pattern": "CONFIG_ARM64_PTR_AUTH=y",
      "level": "critical",
      "description": "Pointer Authentication (PAC) should be enabled to prevent ROP attacks"
    },
    {
      "category": "MEMORY",
      "label": "Memory Tagging (MTE)",
      "command": "zcat /proc/config.gz | grep CONFIG_ARM64_MTE",
      "safe_pattern": "CONFIG_ARM64_MTE=y",
      "level": "critical",
      "description": "Memory Tagging Extension (MTE) should be enabled for JIT hardening"
    }
  ]
}