{
  "checks": [
    {
      "category": "USER & PRIVACY",
      "label": "Screen Lock",
      "command": "dumpsys keyguard | grep 'secure=true'",
      "safe_pattern": "secure=true",
      "level": "critical",
      "description": "Screen lock must be enabled"
    },
    {
      "category": "USER & PRIVACY",
      "label": "Clipboard Access",
      "command": "cmd clipboard get-primary-clip",
      "safe_pattern": "^$",
      "level": "safe",
      "description": "Check if clipboard has sensitive data"
    },
    {
      "category": "USER & PRIVACY",
      "label": "Location Services",
      "command": "settings get secure location_mode",
      "safe_pattern": "^3$",
      "level": "safe",
      "description": "Mode 3 means high-accuracy enabled"
    },
    {
      "category": "USER & PRIVACY",
      "label": "Show passwords disabled",
      "command": "settings get system show_password",
      "safe_pattern": "^0$",
      "level": "warning",
      "description": "Password characters must not be shown"
    },
    {
      "category": "USER & PRIVACY",
      "label": "Clipboard History",
      "command": "dumpsys clipboard | grep 'Historical'",
      "safe_pattern": "^$",
      "level": "warning",
      "description": "Clipboard history should be disabled to prevent data leaks"
    },
    {
      "category": "USER & PRIVACY",
      "label": "Biometric Strength",
      "command": "dumpsys biometric | grep 'Strength='",
      "safe_pattern": "STRONG",
      "level": "warning",
      "description": "Biometric auth should be 'STRONG' (not 'WEAK')"
    },
    {
      "category": "USER & PRIVACY",
      "label": "Backup Allowed",
      "command": "settings get global backup_enabled",
      "safe_pattern": "^0$",
      "level": "warning",
      "description": "Auto-backup should be disabled for sensitive apps"
    },
    {
      "category": "USER & PRIVACY",
      "label": "Fingerprint / Setup Complete",
      "command": "settings get secure user_setup_complete",
      "safe_pattern": "^1$",
      "level": "info",
      "description": "Check if device setup is complete"
    },
    {
      "category": "USER & PRIVACY",
      "label": "Trust Agents Enabled",
      "command": "settings get secure enabled_trust_agents",
      "safe_pattern": "^$",
      "level": "warning",
      "description": "May allow unlock bypass via smart lock"
    },
    {
      "category": "USER & PRIVACY",
      "label": "Microphone Usage",
      "command": "dumpsys media.audio_flinger | grep -i active",
      "safe_pattern": "^$",
      "level": "info",
      "description": "Detects open microphones"
    },
    {
      "category": "USER & PRIVACY",
      "label": "Camera Usage",
      "command": "dumpsys media.camera | grep -i client",
      "safe_pattern": "^$",
      "level": "info",
      "description": "Detects active camera clients"
    },
    {
      "category": "USER & PRIVACY",
      "label": "Sensors in Use",
      "command": "dumpsys sensorservice | grep 'active' | grep -v '0'",
      "safe_pattern": "^$",
      "level": "info",
      "description": "Shows currently used sensors"
    },
    {
      "category": "USER & PRIVACY",
      "label": "Network Telemetry",
      "command": "settings get global usage_reporting_enabled",
      "safe_pattern": "^0$",
      "level": "safe",
      "description": "Should be disabled unless required"
    }
  ]
}